,precision,recall,f1-score,support
0.0,0.9157894736842105,0.87,0.8923076923076922,100.0
1.0,0.8761904761904762,0.92,0.8975609756097561,100.0
accuracy,0.895,0.895,0.895,0.895
macro avg,0.8959899749373433,0.895,0.8949343339587241,200.0
weighted avg,0.8959899749373434,0.895,0.8949343339587241,200.0
