,precision,recall,f1-score,support
0.0,0.875,0.7,0.7777777777777777,100.0
1.0,0.75,0.9,0.8181818181818182,100.0
accuracy,0.8,0.8,0.8,0.8
macro avg,0.8125,0.8,0.797979797979798,200.0
weighted avg,0.8125,0.8,0.7979797979797979,200.0
