,precision,recall,f1-score,support
0.0,0.8055555555555556,0.87,0.8365384615384616,100.0
1.0,0.8586956521739131,0.79,0.8229166666666666,100.0
accuracy,0.83,0.83,0.83,0.83
macro avg,0.8321256038647343,0.8300000000000001,0.8297275641025641,200.0
weighted avg,0.8321256038647342,0.83,0.8297275641025641,200.0
