,precision,recall,f1-score,support
0.0,0.8533333333333334,0.64,0.7314285714285714,100.0
1.0,0.712,0.89,0.7911111111111112,100.0
accuracy,0.765,0.765,0.765,0.765
macro avg,0.7826666666666666,0.765,0.7612698412698413,200.0
weighted avg,0.7826666666666668,0.765,0.7612698412698413,200.0
