,precision,recall,f1-score,support
0.0,0.8522727272727273,0.75,0.7978723404255319,100.0
1.0,0.7767857142857143,0.87,0.820754716981132,100.0
accuracy,0.81,0.81,0.81,0.81
macro avg,0.8145292207792207,0.81,0.809313528703332,200.0
weighted avg,0.8145292207792209,0.81,0.809313528703332,200.0
