,precision,recall,f1-score,support
0.0,0.7978723404255319,0.75,0.7731958762886597,100.0
1.0,0.7641509433962265,0.81,0.7864077669902914,100.0
accuracy,0.78,0.78,0.78,0.78
macro avg,0.7810116419108792,0.78,0.7798018216394755,200.0
weighted avg,0.7810116419108791,0.78,0.7798018216394754,200.0
